id,name,rank,salary,url
3975,Stephen Curry,1,48070014.0,https://www.espn.com/nba/player/_/id/3975/stephen-curry
1966,LeBron James,2,44474988.0,https://www.espn.com/nba/player/_/id/1966/lebron-james
3202,Kevin Durant,3,44119845.0,https://www.espn.com/nba/player/_/id/3202/kevin-durant
6580,Bradley Beal,4,43279250.0,https://www.espn.com/nba/player/_/id/6580/bradley-beal
6606,Damian Lillard,5,42492492.0,https://www.espn.com/nba/player/_/id/6606/damian-lillard
3032977,Giannis Antetokounmpo,6,42492492.0,https://www.espn.com/nba/player/_/id/3032977/giannis-antetokounmpo
6450,Kawhi Leonard,7,42492492.0,https://www.espn.com/nba/player/_/id/6450/kawhi-leonard
4251,Paul George,8,42492492.0,https://www.espn.com/nba/player/_/id/4251/paul-george
6475,Klay Thompson,9,40600080.0,https://www.espn.com/nba/player/_/id/6475/klay-thompson
6442,Kyrie Irving,10,38917057.0,https://www.espn.com/nba/player/_/id/6442/kyrie-irving
3032976,Rudy Gobert,11,38172414.0,https://www.espn.com/nba/player/_/id/3032976/rudy-gobert
6583,Anthony Davis,12,37980720.0,https://www.espn.com/nba/player/_/id/6583/anthony-davis
6609,Khris Middleton,13,37948276.0,https://www.espn.com/nba/player/_/id/6609/khris-middleton
6430,Jimmy Butler,14,37653300.0,https://www.espn.com/nba/player/_/id/6430/jimmy-butler
6440,Tobias Harris,15,37633050.0,https://www.espn.com/nba/player/_/id/6440/tobias-harris
3064440,Zach LaVine,16,37096500.0,https://www.espn.com/nba/player/_/id/3064440/zach-lavine
3945274,Luka Doncic,17,37095000.0,https://www.espn.com/nba/player/_/id/3945274/luka-doncic
4277905,Trae Young,18,37095000.0,https://www.espn.com/nba/player/_/id/4277905/trae-young
3149673,Pascal Siakam,19,35448672.0,https://www.espn.com/nba/player/_/id/3149673/pascal-siakam
3907387,Ben Simmons,20,35448672.0,https://www.espn.com/nba/player/_/id/3907387/ben-simmons
3133628,Myles Turner,21,35096500.0,https://www.espn.com/nba/player/_/id/3133628/myles-turner
3136193,Devin Booker,22,33833400.0,https://www.espn.com/nba/player/_/id/3136193/devin-booker
3136195,Karl-Anthony Towns,23,33833400.0,https://www.espn.com/nba/player/_/id/3136195/karl-anthony-towns
3102531,Kristaps Porzingis,24,33833400.0,https://www.espn.com/nba/player/_/id/3102531/kristaps-porzingis
3995,Jrue Holiday,25,33665040.0,https://www.espn.com/nba/player/_/id/3995/jrue-holiday
3059318,Joel Embiid,26,33616770.0,https://www.espn.com/nba/player/_/id/3059318/joel-embiid
3059319,Andrew Wiggins,27,33616770.0,https://www.espn.com/nba/player/_/id/3059319/andrew-wiggins
2490149,CJ McCollum,28,33333333.0,https://www.espn.com/nba/player/_/id/2490149/cj-mccollum
3112335,Nikola Jokic,29,33047804.0,https://www.espn.com/nba/player/_/id/3112335/nikola-jokic
3992,James Harden,30,33000000.0,https://www.espn.com/nba/player/_/id/3992/james-harden
3913176,Brandon Ingram,31,31650600.0,https://www.espn.com/nba/player/_/id/3913176/brandon-ingram
3936299,Jamal Murray,32,31650000.0,https://www.espn.com/nba/player/_/id/3936299/jamal-murray
3136776,D'Angelo Russell,33,31377750.0,https://www.espn.com/nba/player/_/id/3136776/d'angelo-russell
4278073,Shai Gilgeous-Alexander,34,30913750.0,https://www.espn.com/nba/player/_/id/4278073/shai-gilgeous-alexander
4278129,Deandre Ayton,35,30913750.0,https://www.espn.com/nba/player/_/id/4278129/deandre-ayton
4278104,Michael Porter Jr.,36,30913750.0,https://www.espn.com/nba/player/_/id/4278104/michael-porter-jr.
3908809,Donovan Mitchell,37,30913750.0,https://www.espn.com/nba/player/_/id/3908809/donovan-mitchell
4066261,Bam Adebayo,38,30351780.0,https://www.espn.com/nba/player/_/id/4066261/bam-adebayo
4249,Gordon Hayward,39,30075000.0,https://www.espn.com/nba/player/_/id/4249/gordon-hayward
4277961,Jaren Jackson Jr.,40,28946605.0,https://www.espn.com/nba/player/_/id/4277961/jaren-jackson-jr.
3917376,Jaylen Brown,41,28741071.0,https://www.espn.com/nba/player/_/id/3917376/jaylen-brown
2779,Chris Paul,42,28400000.0,https://www.espn.com/nba/player/_/id/2779/chris-paul
3012,Kyle Lowry,43,28333334.0,https://www.espn.com/nba/player/_/id/3012/kyle-lowry
4066259,De'Aaron Fox,44,28103550.0,https://www.espn.com/nba/player/_/id/4066259/de'aaron-fox
4065648,Jayson Tatum,45,28103500.0,https://www.espn.com/nba/player/_/id/4065648/jayson-tatum
3934672,Jalen Brunson,46,27733332.0,https://www.espn.com/nba/player/_/id/3934672/jalen-brunson
3978,DeMar DeRozan,47,27300000.0,https://www.espn.com/nba/player/_/id/3978/demar-derozan
3213,Al Horford,48,26500000.0,https://www.espn.com/nba/player/_/id/3213/al-horford
6589,Draymond Green,49,25806468.0,https://www.espn.com/nba/player/_/id/6589/draymond-green
3064514,Julius Randle,50,23760000.0,https://www.espn.com/nba/player/_/id/3064514/julius-randle
3908845,John Collins,51,23500000.0,https://www.espn.com/nba/player/_/id/3908845/john-collins
2990984,Buddy Hield,52,22768890.0,https://www.espn.com/nba/player/_/id/2990984/buddy-hield
3195,Mike Conley,53,22680000.0,https://www.espn.com/nba/player/_/id/3195/mike-conley
2566769,Malcolm Brogdon,54,22600000.0,https://www.espn.com/nba/player/_/id/2566769/malcolm-brogdon
4351851,Anfernee Simons,55,22321429.0,https://www.espn.com/nba/player/_/id/4351851/anfernee-simons
6478,Nikola Vucevic,56,22000000.0,https://www.espn.com/nba/player/_/id/6478/nikola-vucevic
3074752,Terry Rozier,57,21486283.0,https://www.espn.com/nba/player/_/id/3074752/terry-rozier
2991230,Fred VanVleet,58,21250000.0,https://www.espn.com/nba/player/_/id/2991230/fred-vanvleet
2991070,Jerami Grant,59,20955000.0,https://www.espn.com/nba/player/_/id/2991070/jerami-grant
3147657,Mikal Bridges,60,20100000.0,https://www.espn.com/nba/player/_/id/3147657/mikal-bridges
4066328,Jarrett Allen,61,20000000.0,https://www.espn.com/nba/player/_/id/4066328/jarrett-allen
3064290,Aaron Gordon,62,19690909.0,https://www.espn.com/nba/player/_/id/3064290/aaron-gordon
2528210,Tim Hardaway Jr.,63,19602273.0,https://www.espn.com/nba/player/_/id/2528210/tim-hardaway-jr.
3593,Bojan Bogdanovic,64,19550000.0,https://www.espn.com/nba/player/_/id/3593/bojan-bogdanovic
4066421,Lonzo Ball,65,19534884.0,https://www.espn.com/nba/player/_/id/4066421/lonzo-ball
2580782,Spencer Dinwiddie,66,19500000.0,https://www.espn.com/nba/player/_/id/2580782/spencer-dinwiddie
4238,Eric Bledsoe,67,19375000.0,https://www.espn.com/nba/player/_/id/4238/eric-bledsoe
2991043,Caris LeVert,68,18796296.0,https://www.espn.com/nba/player/_/id/2991043/caris-levert
3102529,Clint Capela,69,18706896.0,https://www.espn.com/nba/player/_/id/3102529/clint-capela
2528794,Joe Harris,70,18642857.0,https://www.espn.com/nba/player/_/id/2528794/joe-harris
3155942,Domantas Sabonis,71,18500000.0,https://www.espn.com/nba/player/_/id/3155942/domantas-sabonis
6578,Harrison Barnes,72,18352273.0,https://www.espn.com/nba/player/_/id/6578/harrison-barnes
6588,Evan Fournier,73,18000000.0,https://www.espn.com/nba/player/_/id/6588/evan-fournier
3037789,Bogdan Bogdanovic,74,18000000.0,https://www.espn.com/nba/player/_/id/3037789/bogdan-bogdanovic
2991235,Steven Adams,75,17926829.0,https://www.espn.com/nba/player/_/id/2991235/steven-adams
4277843,Gary Trent Jr.,76,17505000.0,https://www.espn.com/nba/player/_/id/4277843/gary-trent-jr.
4065654,Jonathan Isaac,77,17400000.0,https://www.espn.com/nba/player/_/id/4065654/jonathan-isaac
3934719,O.G. Anunoby,78,17357143.0,https://www.espn.com/nba/player/_/id/3934719/o.g.-anunoby
2990992,Marcus Smart,79,17207141.0,https://www.espn.com/nba/player/_/id/2990992/marcus-smart
4351852,Mitchell Robinson,80,17045454.0,https://www.espn.com/nba/player/_/id/4351852/mitchell-robinson
3157465,Duncan Robinson,81,16902000.0,https://www.espn.com/nba/player/_/id/3157465/duncan-robinson
3078576,Derrick White,82,16892857.0,https://www.espn.com/nba/player/_/id/3078576/derrick-white
2595516,Norman Powell,83,16758621.0,https://www.espn.com/nba/player/_/id/2595516/norman-powell
3907497,Dejounte Murray,84,16571120.0,https://www.espn.com/nba/player/_/id/3907497/dejounte-murray
4277811,Collin Sexton,85,16500000.0,https://www.espn.com/nba/player/_/id/4277811/collin-sexton
4066636,Markelle Fultz,86,16500000.0,https://www.espn.com/nba/player/_/id/4066636/markelle-fultz
4066336,Lauri Markkanen,87,16475454.0,https://www.espn.com/nba/player/_/id/4066336/lauri-markkanen
6462,Marcus Morris Sr.,88,16372093.0,https://www.espn.com/nba/player/_/id/6462/marcus-morris-sr.
6426,Davis Bertans,89,16000000.0,https://www.espn.com/nba/player/_/id/6426/davis-bertans
3102530,Jusuf Nurkic,90,15625000.0,https://www.espn.com/nba/player/_/id/3102530/jusuf-nurkic
3907822,Malik Beasley,91,15558035.0,https://www.espn.com/nba/player/_/id/3907822/malik-beasley
4397020,Luguentz Dort,92,15277778.0,https://www.espn.com/nba/player/_/id/4397020/luguentz-dort
6477,Jonas Valanciunas,93,14700000.0,https://www.espn.com/nba/player/_/id/6477/jonas-valanciunas
4066372,Kevin Huerter,94,14508929.0,https://www.espn.com/nba/player/_/id/4066372/kevin-huerter
3913174,Luke Kennard,95,14415545.0,https://www.espn.com/nba/player/_/id/3913174/luke-kennard
3058254,Christian Wood,96,14317460.0,https://www.espn.com/nba/player/_/id/3058254/christian-wood
4277847,Wendell Carter Jr.,97,14150000.0,https://www.espn.com/nba/player/_/id/4277847/wendell-carter-jr.
2581018,Kentavious Caldwell-Pope,98,14004703.0,https://www.espn.com/nba/player/_/id/2581018/kentavious-caldwell-pope
3448,Brook Lopez,99,13906976.0,https://www.espn.com/nba/player/_/id/3448/brook-lopez
2528588,Doug McDermott,100,13750000.0,https://www.espn.com/nba/player/_/id/2528588/doug-mcdermott
4395628,Zion Williamson,101,13534817.0,https://www.espn.com/nba/player/_/id/4395628/zion-williamson
2528426,Jordan Clarkson,102,13340000.0,https://www.espn.com/nba/player/_/id/2528426/jordan-clarkson
3134907,Kyle Kuzma,103,13000000.0,https://www.espn.com/nba/player/_/id/3134907/kyle-kuzma
2999547,Gary Harris,104,13000000.0,https://www.espn.com/nba/player/_/id/2999547/gary-harris
3062679,Josh Hart,105,12960000.0,https://www.espn.com/nba/player/_/id/3062679/josh-hart
2578185,Dorian Finney-Smith,106,12939648.0,https://www.espn.com/nba/player/_/id/2578185/dorian-finney-smith
3948153,Chris Boucher,107,12690000.0,https://www.espn.com/nba/player/_/id/3948153/chris-boucher
3133603,Kelly Oubre Jr.,108,12600000.0,https://www.espn.com/nba/player/_/id/3133603/kelly-oubre-jr.
4277848,Marvin Bagley III,109,12500000.0,https://www.espn.com/nba/player/_/id/4277848/marvin-bagley-iii
2490620,Robert Covington,110,12307692.0,https://www.espn.com/nba/player/_/id/2490620/robert-covington
2489663,Kelly Olynyk,111,12195122.0,https://www.espn.com/nba/player/_/id/2489663/kelly-olynyk
2581190,Josh Richardson,112,11615328.0,https://www.espn.com/nba/player/_/id/2581190/josh-richardson
3133601,Devonte' Graham,113,11550000.0,https://www.espn.com/nba/player/_/id/3133601/devonte'-graham
3155526,Dillon Brooks,114,11400000.0,https://www.espn.com/nba/player/_/id/3155526/dillon-brooks
2993370,Richaun Holmes,115,11215260.0,https://www.espn.com/nba/player/_/id/2993370/richaun-holmes
2531367,Dwight Powell,116,11080125.0,https://www.espn.com/nba/player/_/id/2531367/dwight-powell
4432573,Paolo Banchero,117,11055120.0,https://www.espn.com/nba/player/_/id/4432573/paolo-banchero
4066211,Robert Williams III,118,10937502.0,https://www.espn.com/nba/player/_/id/4066211/robert-williams-iii
4395625,RJ Barrett,119,10900635.0,https://www.espn.com/nba/player/_/id/4395625/rj-barrett
3064482,Bobby Portis,120,10843350.0,https://www.espn.com/nba/player/_/id/3064482/bobby-portis
3416,Nicolas Batum,121,10843350.0,https://www.espn.com/nba/player/_/id/3416/nicolas-batum
4594268,Anthony Edwards,122,10733400.0,https://www.espn.com/nba/player/_/id/4594268/anthony-edwards
4432166,Cade Cunningham,123,10552800.0,https://www.espn.com/nba/player/_/id/4432166/cade-cunningham
3033,P.J. Tucker,124,10490000.0,https://www.espn.com/nba/player/_/id/3033/p.j.-tucker
4277919,Mo Bamba,125,10300000.0,https://www.espn.com/nba/player/_/id/4277919/mo-bamba
4396991,Talen Horton-Tucker,126,10260000.0,https://www.espn.com/nba/player/_/id/4396991/talen-horton-tucker
4257,Derrick Favors,127,10183800.0,https://www.espn.com/nba/player/_/id/4257/derrick-favors
6581,Jae Crowder,128,10183000.0,https://www.espn.com/nba/player/_/id/6581/jae-crowder
4017837,Ivica Zubac,129,10123457.0,https://www.espn.com/nba/player/_/id/4017837/ivica-zubac
6429,Alec Burks,130,10012800.0,https://www.espn.com/nba/player/_/id/6429/alec-burks
2528779,Reggie Bullock,131,10012800.0,https://www.espn.com/nba/player/_/id/2528779/reggie-bullock
4433255,Chet Holmgren,132,9891240.0,https://www.espn.com/nba/player/_/id/4433255/chet-holmgren
4065732,De'Andre Hunter,133,9835881.0,https://www.espn.com/nba/player/_/id/4065732/de'andre-hunter
2580365,Larry Nance Jr.,134,9672727.0,https://www.espn.com/nba/player/_/id/2580365/larry-nance-jr.
4279888,Ja Morant,135,9603360.0,https://www.espn.com/nba/player/_/id/4279888/ja-morant
4432808,James Wiseman,136,9603360.0,https://www.espn.com/nba/player/_/id/4432808/james-wiseman
3914044,Landry Shamet,137,9500000.0,https://www.espn.com/nba/player/_/id/3914044/landry-shamet
4066262,Malik Monk,138,9472219.0,https://www.espn.com/nba/player/_/id/4066262/malik-monk
4437244,Jalen Green,139,9441840.0,https://www.espn.com/nba/player/_/id/4437244/jalen-green
3134908,Jakob Poeltl,140,9398148.0,https://www.espn.com/nba/player/_/id/3134908/jakob-poeltl
3032978,Dario Saric,141,9240000.0,https://www.espn.com/nba/player/_/id/3032978/dario-saric
2991280,Nerlens Noel,142,9240000.0,https://www.espn.com/nba/player/_/id/2991280/nerlens-noel
2583632,Royce O'Neale,143,9200000.0,https://www.espn.com/nba/player/_/id/2583632/royce-o'neale
3059310,Monte Morris,144,9125000.0,https://www.espn.com/nba/player/_/id/3059310/monte-morris
2488653,Mason Plumlee,145,9080417.0,https://www.espn.com/nba/player/_/id/2488653/mason-plumlee
2991350,Alex Caruso,146,9030000.0,https://www.espn.com/nba/player/_/id/2991350/alex-caruso
2960236,Maxi Kleber,147,9000000.0,https://www.espn.com/nba/player/_/id/2960236/maxi-kleber
4396907,Darius Garland,148,8920795.0,https://www.espn.com/nba/player/_/id/4396907/darius-garland
4432639,Jabari Smith Jr.,149,8882640.0,https://www.espn.com/nba/player/_/id/4432639/jabari-smith-jr.
2993874,Kyle Anderson,150,8780488.0,https://www.espn.com/nba/player/_/id/2993874/kyle-anderson
2527963,Victor Oladipo,151,8750000.0,https://www.espn.com/nba/player/_/id/2527963/victor-oladipo
2451037,Daniel Theis,152,8694369.0,https://www.espn.com/nba/player/_/id/2451037/daniel-theis
4432816,LaMelo Ball,153,8623920.0,https://www.espn.com/nba/player/_/id/4432816/lamelo-ball
4278067,Nic Claxton,154,8500000.0,https://www.espn.com/nba/player/_/id/4278067/nic-claxton
3135045,Grayson Allen,155,8500000.0,https://www.espn.com/nba/player/_/id/3135045/grayson-allen
2326307,Seth Curry,156,8496500.0,https://www.espn.com/nba/player/_/id/2326307/seth-curry
4432158,Evan Mobley,157,8478720.0,https://www.espn.com/nba/player/_/id/4432158/evan-mobley
3134903,Gary Payton II,158,8300000.0,https://www.espn.com/nba/player/_/id/3134903/gary-payton-ii
4066436,De'Anthony Melton,159,8250000.0,https://www.espn.com/nba/player/_/id/4066436/de'anthony-melton
2530530,T.J. McConnell,160,8100000.0,https://www.espn.com/nba/player/_/id/2530530/t.j.-mcconnell
4594327,Keegan Murray,161,8008440.0,https://www.espn.com/nba/player/_/id/4594327/keegan-murray
3244,Thaddeus Young,162,8000000.0,https://www.espn.com/nba/player/_/id/3244/thaddeus-young
2990962,Taurean Prince,163,8000000.0,https://www.espn.com/nba/player/_/id/2990962/taurean-prince
3155535,Kevon Looney,164,8000000.0,https://www.espn.com/nba/player/_/id/3155535/kevon-looney
4222252,Isaiah Hartenstein,165,7804879.0,https://www.espn.com/nba/player/_/id/4222252/isaiah-hartenstein
3064447,Delon Wright,166,7804878.0,https://www.espn.com/nba/player/_/id/3064447/delon-wright
4431687,Patrick Williams,167,7775400.0,https://www.espn.com/nba/player/_/id/4431687/patrick-williams
4433134,Scottie Barnes,168,7644720.0,https://www.espn.com/nba/player/_/id/4433134/scottie-barnes
3893016,Cedi Osman,169,7426088.0,https://www.espn.com/nba/player/_/id/3893016/cedi-osman
4395651,Coby White,170,7413955.0,https://www.espn.com/nba/player/_/id/4395651/coby-white
2968439,Aron Baynes,171,7350000.0,https://www.espn.com/nba/player/_/id/2968439/aron-baynes
4066650,Zach Collins,172,7350000.0,https://www.espn.com/nba/player/_/id/4066650/zach-collins
4433218,Jaden Ivey,173,7252200.0,https://www.espn.com/nba/player/_/id/4433218/jaden-ivey
3136777,Jae'Sean Tate,174,7065217.0,https://www.espn.com/nba/player/_/id/3136777/jae'sean-tate
4432822,Isaac Okoro,175,7040880.0,https://www.espn.com/nba/player/_/id/4432822/isaac-okoro
3138161,Cody Martin,176,7000000.0,https://www.espn.com/nba/player/_/id/3138161/cody-martin
4432165,Jalen Suggs,177,6922320.0,https://www.espn.com/nba/player/_/id/4432165/jalen-suggs
4397077,Jaxson Hayes,178,6803012.0,https://www.espn.com/nba/player/_/id/4397077/jaxson-hayes
2578240,Khem Birch,179,6667500.0,https://www.espn.com/nba/player/_/id/2578240/khem-birch
4683634,Bennedict Mathurin,180,6586800.0,https://www.espn.com/nba/player/_/id/4683634/bennedict-mathurin
3428,Danilo Gallinari,181,6479000.0,https://www.espn.com/nba/player/_/id/3428/danilo-gallinari
4004,Patty Mills,182,6479000.0,https://www.espn.com/nba/player/_/id/4004/patty-mills
2968436,Joe Ingles,183,6479000.0,https://www.espn.com/nba/player/_/id/2968436/joe-ingles
3138160,Caleb Martin,184,6479000.0,https://www.espn.com/nba/player/_/id/3138160/caleb-martin
4277890,Lonnie Walker IV,185,6479000.0,https://www.espn.com/nba/player/_/id/4277890/lonnie-walker-iv
4237,John Wall,186,6479000.0,https://www.espn.com/nba/player/_/id/4237/john-wall
4065670,Bruce Brown,187,6479000.0,https://www.espn.com/nba/player/_/id/4065670/bruce-brown
4431680,Onyeka Okongwu,188,6395160.0,https://www.espn.com/nba/player/_/id/4431680/onyeka-okongwu
4277928,Jarrett Culver,189,6395160.0,https://www.espn.com/nba/player/_/id/4277928/jarrett-culver
4871145,Josh Giddey,190,6287280.0,https://www.espn.com/nba/player/_/id/4871145/josh-giddey
4066648,Rui Hachimura,191,6263188.0,https://www.espn.com/nba/player/_/id/4066648/rui-hachimura
3005,Rudy Gay,192,6184500.0,https://www.espn.com/nba/player/_/id/3005/rudy-gay
4914336,Shaedon Sharpe,193,6012960.0,https://www.espn.com/nba/player/_/id/4914336/shaedon-sharpe
2594922,Otto Porter Jr.,194,6000000.0,https://www.espn.com/nba/player/_/id/2594922/otto-porter-jr.
3064230,Cameron Payne,195,6000000.0,https://www.espn.com/nba/player/_/id/3064230/cameron-payne
4395627,Cam Reddish,196,5954454.0,https://www.espn.com/nba/player/_/id/4395627/cam-reddish
3138196,Cameron Johnson,197,5887899.0,https://www.espn.com/nba/player/_/id/3138196/cameron-johnson
4011,Ricky Rubio,198,5853659.0,https://www.espn.com/nba/player/_/id/4011/ricky-rubio
4278075,Kevin Knox II,199,5845979.0,https://www.espn.com/nba/player/_/id/4278075/kevin-knox-ii
4278078,P.J. Washington,200,5808435.0,https://www.espn.com/nba/player/_/id/4278078/p.j.-washington
4433247,Jonathan Kuminga,201,5739860.0,https://www.espn.com/nba/player/_/id/4433247/jonathan-kuminga
2578239,Pat Connaughton,202,5728393.0,https://www.espn.com/nba/player/_/id/2578239/pat-connaughton
4395725,Tyler Herro,203,5722116.0,https://www.espn.com/nba/player/_/id/4395725/tyler-herro
4397008,Romeo Langford,204,5634257.0,https://www.espn.com/nba/player/_/id/4397008/romeo-langford
4683024,Killian Hayes,205,5572680.0,https://www.espn.com/nba/player/_/id/4683024/killian-hayes
4869342,Dyson Daniels,206,5508600.0,https://www.espn.com/nba/player/_/id/4869342/dyson-daniels
3452,JaVale McGee,207,5461219.0,https://www.espn.com/nba/player/_/id/3452/javale-mcgee
4278355,Obi Toppin,208,5348280.0,https://www.espn.com/nba/player/_/id/4278355/obi-toppin
4566434,Franz Wagner,209,5258280.0,https://www.espn.com/nba/player/_/id/4566434/franz-wagner
3056247,Kendrick Nunn,210,5250000.0,https://www.espn.com/nba/player/_/id/3056247/kendrick-nunn
4080610,Hamidou Diallo,211,5200000.0,https://www.espn.com/nba/player/_/id/4080610/hamidou-diallo
6446,Cory Joseph,212,5155500.0,https://www.espn.com/nba/player/_/id/6446/cory-joseph
2528693,Torrey Craig,213,5121951.0,https://www.espn.com/nba/player/_/id/2528693/torrey-craig
4610139,Jeremy Sochan,214,5063520.0,https://www.espn.com/nba/player/_/id/4610139/jeremy-sochan
3062744,David Nwaba,215,5022000.0,https://www.espn.com/nba/player/_/id/3062744/david-nwaba
4278039,Nickeil Alexander-Walker,216,5009633.0,https://www.espn.com/nba/player/_/id/4278039/nickeil-alexander-walker
3929325,Furkan Korkmaz,217,5000000.0,https://www.espn.com/nba/player/_/id/3929325/furkan-korkmaz
3102528,Dante Exum,218,5000000.0,https://www.espn.com/nba/player/_/id/3102528/dante-exum
2799,Lou Williams,219,5000000.0,https://www.espn.com/nba/player/_/id/2799/lou-williams
4683021,Deni Avdija,220,4916160.0,https://www.espn.com/nba/player/_/id/4683021/deni-avdija
4023,Garrett Temple,221,4910000.0,https://www.espn.com/nba/player/_/id/4023/garrett-temple
4278053,Davion Mitchell,222,4833600.0,https://www.espn.com/nba/player/_/id/4278053/davion-mitchell
4432356,Johnny Davis,223,4810320.0,https://www.espn.com/nba/player/_/id/4432356/johnny-davis
4305,Ish Smith,224,4750000.0,https://www.espn.com/nba/player/_/id/4305/ish-smith
4397189,Jalen Smith,225,4670160.0,https://www.espn.com/nba/player/_/id/4397189/jalen-smith
4433137,Ziaire Williams,226,4591680.0,https://www.espn.com/nba/player/_/id/4433137/ziaire-williams
4997526,Ousmane Dieng,227,4569840.0,https://www.espn.com/nba/player/_/id/4997526/ousmane-dieng
6591,Maurice Harkless,228,4564980.0,https://www.espn.com/nba/player/_/id/6591/maurice-harkless
3934673,Donte DiVincenzo,229,4500000.0,https://www.espn.com/nba/player/_/id/3934673/donte-divincenzo
3209,Jeff Green,230,4500000.0,https://www.espn.com/nba/player/_/id/3209/jeff-green
4395630,Devin Vassell,231,4437000.0,https://www.espn.com/nba/player/_/id/4395630/devin-vassell
3907498,Matisse Thybulle,232,4379527.0,https://www.espn.com/nba/player/_/id/3907498/matisse-thybulle
4278077,Jarred Vanderbilt,233,4374000.0,https://www.espn.com/nba/player/_/id/4278077/jarred-vanderbilt
4431712,James Bouknight,234,4362240.0,https://www.espn.com/nba/player/_/id/4431712/james-bouknight
3906665,Brandon Clarke,235,4343920.0,https://www.espn.com/nba/player/_/id/3906665/brandon-clarke
4593803,Jalen Williams,236,4341480.0,https://www.espn.com/nba/player/_/id/4593803/jalen-williams
4066218,Grant Williams,237,4306281.0,https://www.espn.com/nba/player/_/id/4066218/grant-williams
4423545,Darius Bazley,238,4264629.0,https://www.espn.com/nba/player/_/id/4423545/darius-bazley
4065733,Ty Jerome,239,4220057.0,https://www.espn.com/nba/player/_/id/4065733/ty-jerome
4396993,Tyrese Haliburton,240,4215120.0,https://www.espn.com/nba/player/_/id/4396993/tyrese-haliburton
4395652,Nassir Little,241,4171548.0,https://www.espn.com/nba/player/_/id/4395652/nassir-little
4702176,Joshua Primo,242,4144320.0,https://www.espn.com/nba/player/_/id/4702176/joshua-primo
4433621,Jalen Duren,243,4124280.0,https://www.espn.com/nba/player/_/id/4433621/jalen-duren
2991155,Danuel House Jr.,244,4105000.0,https://www.espn.com/nba/player/_/id/2991155/danuel-house-jr.
3135047,Justise Winslow,245,4097561.0,https://www.espn.com/nba/player/_/id/3135047/justise-winslow
3906786,Dylan Windler,246,4037278.0,https://www.espn.com/nba/player/_/id/3906786/dylan-windler
3149010,Chandler Hutchison,247,4019459.0,https://www.espn.com/nba/player/_/id/3149010/chandler-hutchison
4395698,Kira Lewis Jr.,248,4004280.0,https://www.espn.com/nba/player/_/id/4395698/kira-lewis-jr.
3919454,Terence Davis,249,4000000.0,https://www.espn.com/nba/player/_/id/3919454/terence-davis
3438,George Hill,250,4000000.0,https://www.espn.com/nba/player/_/id/3438/george-hill
4592402,Chris Duarte,251,3936960.0,https://www.espn.com/nba/player/_/id/4592402/chris-duarte
4397018,Ochai Agbaji,252,3918360.0,https://www.espn.com/nba/player/_/id/4397018/ochai-agbaji
2596107,Alex Len,253,3918000.0,https://www.espn.com/nba/player/_/id/2596107/alex-len
4277956,Jordan Poole,254,3901399.0,https://www.espn.com/nba/player/_/id/4277956/jordan-poole
4395723,Keldon Johnson,255,3873025.0,https://www.espn.com/nba/player/_/id/4395723/keldon-johnson
4396909,Aaron Nesmith,256,3804360.0,https://www.espn.com/nba/player/_/id/4396909/aaron-nesmith
4701232,Mark Williams,257,3722040.0,https://www.espn.com/nba/player/_/id/4701232/mark-williams
3929321,Gabriel Deck,258,3676852.0,https://www.espn.com/nba/player/_/id/3929321/gabriel-deck
4432809,Cole Anthony,259,3613680.0,https://www.espn.com/nba/player/_/id/4432809/cole-anthony
4423314,Sekou Doumbouya,260,3613680.0,https://www.espn.com/nba/player/_/id/4423314/sekou-doumbouya
4432171,Moses Moody,261,3562200.0,https://www.espn.com/nba/player/_/id/4432171/moses-moody
4280151,Corey Kispert,262,3552960.0,https://www.espn.com/nba/player/_/id/4280151/corey-kispert
4432585,AJ Griffin,263,3536160.0,https://www.espn.com/nba/player/_/id/4432585/aj-griffin
2490089,Mike Muscala,264,3500000.0,https://www.espn.com/nba/player/_/id/2490089/mike-muscala
2990969,Georges Niang,265,3465000.0,https://www.espn.com/nba/player/_/id/2990969/georges-niang
4278052,Chuma Okeke,266,3433320.0,https://www.espn.com/nba/player/_/id/4278052/chuma-okeke
4432810,Isaiah Stewart,267,3433320.0,https://www.espn.com/nba/player/_/id/4432810/isaiah-stewart
4066387,Amir Coffey,268,3395062.0,https://www.espn.com/nba/player/_/id/4066387/amir-coffey
4871144,Alperen Sengun,269,3375480.0,https://www.espn.com/nba/player/_/id/4871144/alperen-sengun
4433192,Tari Eason,270,3309160.0,https://www.espn.com/nba/player/_/id/4433192/tari-eason
4683018,Aleksej Pokusevski,271,3261480.0,https://www.espn.com/nba/player/_/id/4683018/aleksej-pokusevski
2579260,Trey Burke,272,3243750.0,https://www.espn.com/nba/player/_/id/2579260/trey-burke
4397140,Kevin Porter Jr.,273,3217631.0,https://www.espn.com/nba/player/_/id/4397140/kevin-porter-jr.
4397688,Trey Murphy III,274,3206640.0,https://www.espn.com/nba/player/_/id/4397688/trey-murphy-iii
3899664,Simone Fontecchio,275,3205128.0,https://www.espn.com/nba/player/_/id/3899664/simone-fontecchio
3936099,Derrick Jones Jr.,276,3200000.0,https://www.espn.com/nba/player/_/id/3936099/derrick-jones-jr.
6585,Andre Drummond,277,3200000.0,https://www.espn.com/nba/player/_/id/6585/andre-drummond
4433159,Dalen Terry,278,3191400.0,https://www.espn.com/nba/player/_/id/4433159/dalen-terry
3449,Kevin Love,279,3114138.0,https://www.espn.com/nba/player/_/id/3449/kevin-love
4432811,Josh Green,280,3098400.0,https://www.espn.com/nba/player/_/id/4432811/josh-green
4592691,Jake LaRavia,281,3047640.0,https://www.espn.com/nba/player/_/id/4592691/jake-laravia
4432819,Tre Mann,282,3046200.0,https://www.espn.com/nba/player/_/id/4432819/tre-mann
3057187,Sterling Brown,283,3000000.0,https://www.espn.com/nba/player/_/id/3057187/sterling-brown
4277883,Jordan Nwora,284,3000000.0,https://www.espn.com/nba/player/_/id/4277883/jordan-nwora
4423309,Luka Samanic,285,2959080.0,https://www.espn.com/nba/player/_/id/4423309/luka-samanic
4397136,Saddiq Bey,286,2959080.0,https://www.espn.com/nba/player/_/id/4397136/saddiq-bey
4565201,Malaki Branham,287,2925600.0,https://www.espn.com/nba/player/_/id/4565201/malaki-branham
4431699,Kai Jones,288,2909040.0,https://www.espn.com/nba/player/_/id/4431699/kai-jones
4431679,Precious Achiuwa,289,2840160.0,https://www.espn.com/nba/player/_/id/4431679/precious-achiuwa
4431767,Christian Braun,290,2808600.0,https://www.espn.com/nba/player/_/id/4431767/christian-braun
4701230,Jalen Johnson,291,2792640.0,https://www.espn.com/nba/player/_/id/4701230/jalen-johnson
4431678,Tyrese Maxey,292,2726880.0,https://www.espn.com/nba/player/_/id/4431678/tyrese-maxey
4277952,Bruno Fernando,293,2717391.0,https://www.espn.com/nba/player/_/id/4277952/bruno-fernando
3136196,Trey Lyles,294,2700000.0,https://www.espn.com/nba/player/_/id/3136196/trey-lyles
4433136,Walker Kessler,295,2696400.0,https://www.espn.com/nba/player/_/id/4433136/walker-kessler
3206,Marc Gasol,296,2692991.0,https://www.espn.com/nba/player/_/id/3206/marc-gasol
3276,Anthony Tolliver,297,2692991.0,https://www.espn.com/nba/player/_/id/3276/anthony-tolliver
4432192,Keon Johnson,298,2681040.0,https://www.espn.com/nba/player/_/id/4432192/keon-johnson
4397886,Charles Bassey,299,2600000.0,https://www.espn.com/nba/player/_/id/4397886/charles-bassey
4593041,David Roddy,300,2588640.0,https://www.espn.com/nba/player/_/id/4593041/david-roddy
4432170,Isaiah Jackson,301,2573760.0,https://www.espn.com/nba/player/_/id/4432170/isaiah-jackson
4431690,Zeke Nnaji,302,2498760.0,https://www.espn.com/nba/player/_/id/4431690/zeke-nnaji
4432179,MarJon Beauchamp,303,2485200.0,https://www.espn.com/nba/player/_/id/4432179/marjon-beauchamp
4871143,Usman Garuba,304,2471160.0,https://www.espn.com/nba/player/_/id/4871143/usman-garuba
2991055,Montrezl Harrell,305,2463490.0,https://www.espn.com/nba/player/_/id/2991055/montrezl-harrell
2999409,Willy Hernangomez,306,2443581.0,https://www.espn.com/nba/player/_/id/2999409/willy-hernangomez
4683935,Blake Wesley,307,2385480.0,https://www.espn.com/nba/player/_/id/4683935/blake-wesley
4432168,Josh Christopher,308,2372160.0,https://www.espn.com/nba/player/_/id/4432168/josh-christopher
4683025,Leandro Bolmaro,309,2353320.0,https://www.espn.com/nba/player/_/id/4683025/leandro-bolmaro
4395724,Immanuel Quickley,310,2316240.0,https://www.espn.com/nba/player/_/id/4395724/immanuel-quickley
4592187,Wendell Moore Jr.,311,2306520.0,https://www.espn.com/nba/player/_/id/4592187/wendell-moore-jr.
3134932,John Konchar,312,2300000.0,https://www.espn.com/nba/player/_/id/3134932/john-konchar
3064559,Damian Jones,313,2298385.0,https://www.espn.com/nba/player/_/id/3064559/damian-jones
4397014,Quentin Grimes,314,2277000.0,https://www.espn.com/nba/player/_/id/4397014/quentin-grimes
4395712,Andrew Nembhard,315,2244111.0,https://www.espn.com/nba/player/_/id/4395712/andrew-nembhard
4997528,Nikola Jovic,316,2239920.0,https://www.espn.com/nba/player/_/id/4997528/nikola-jovic
4066354,Payton Pritchard,317,2239200.0,https://www.espn.com/nba/player/_/id/4066354/payton-pritchard
4230557,Vlatko Cancar,318,2234359.0,https://www.espn.com/nba/player/_/id/4230557/vlatko-cancar
4433246,Patrick Baldwin Jr.,319,2226000.0,https://www.espn.com/nba/player/_/id/4433246/patrick-baldwin-jr.
4683749,TyTy Washington Jr.,320,2210040.0,https://www.espn.com/nba/player/_/id/4683749/tyty-washington-jr.
4592492,Bones Hyland,321,2201520.0,https://www.espn.com/nba/player/_/id/4592492/bones-hyland
4397102,Bol Bol,322,2200000.0,https://www.espn.com/nba/player/_/id/4397102/bol-bol
4576087,Peyton Watson,323,2193960.0,https://www.espn.com/nba/player/_/id/4576087/peyton-watson
3907487,Marquese Chriss,324,2193920.0,https://www.espn.com/nba/player/_/id/3907487/marquese-chriss
2991042,Nik Stauskas,325,2193920.0,https://www.espn.com/nba/player/_/id/2991042/nik-stauskas
4066299,Udoka Azubuike,326,2174880.0,https://www.espn.com/nba/player/_/id/4066299/udoka-azubuike
4431671,Jaden McDaniels,327,2161440.0,https://www.espn.com/nba/player/_/id/4431671/jaden-mcdaniels
3134916,Jordan McLaughlin,328,2160000.0,https://www.espn.com/nba/player/_/id/3134916/jordan-mclaughlin
4066668,Malachi Flynn,329,2145720.0,https://www.espn.com/nba/player/_/id/4066668/malachi-flynn
4432174,Cam Thomas,330,2138160.0,https://www.espn.com/nba/player/_/id/4432174/cam-thomas
3064560,Luke Kornet,331,2133278.0,https://www.espn.com/nba/player/_/id/3064560/luke-kornet
4066320,Desmond Bane,332,2130240.0,https://www.espn.com/nba/player/_/id/4066320/desmond-bane
3135048,Jahlil Okafor,333,2130023.0,https://www.espn.com/nba/player/_/id/3135048/jahlil-okafor
4432164,Jaden Springer,334,2125200.0,https://www.espn.com/nba/player/_/id/4432164/jaden-springer
4432194,Day'Ron Sharpe,335,2109480.0,https://www.espn.com/nba/player/_/id/4432194/day'ron-sharpe
3133635,Jevon Carter,336,2100000.0,https://www.espn.com/nba/player/_/id/3133635/jevon-carter
4593125,Santi Aldama,337,2094240.0,https://www.espn.com/nba/player/_/id/4593125/santi-aldama
4230547,Frank Ntilikina,338,2036318.0,https://www.espn.com/nba/player/_/id/4230547/frank-ntilikina
4065673,Tony Bradley,339,2036318.0,https://www.espn.com/nba/player/_/id/4065673/tony-bradley
4432823,Jaylin Williams,340,2000000.0,https://www.espn.com/nba/player/_/id/4432823/jaylin-williams
4432813,Jeremiah Robinson-Earl,341,2000000.0,https://www.espn.com/nba/player/_/id/4432813/jeremiah-robinson-earl
3133626,Kenrich Williams,342,2000000.0,https://www.espn.com/nba/player/_/id/3133626/kenrich-williams
2595435,Abdel Nader,343,2000000.0,https://www.espn.com/nba/player/_/id/2595435/abdel-nader
4433623,Caleb Houstan,344,2000000.0,https://www.espn.com/nba/player/_/id/4433623/caleb-houstan
3988,Danny Green,345,2000000.0,https://www.espn.com/nba/player/_/id/3988/danny-green
3913180,Garrison Mathews,346,2000000.0,https://www.espn.com/nba/player/_/id/3913180/garrison-mathews
3915195,Shake Milton,347,1977718.0,https://www.espn.com/nba/player/_/id/3915195/shake-milton
3136485,Edmond Sumner,348,1968175.0,https://www.espn.com/nba/player/_/id/3136485/edmond-sumner
4278103,Jontay Porter,349,1950000.0,https://www.espn.com/nba/player/_/id/4278103/jontay-porter
2999549,Denzel Valentine,350,1939350.0,https://www.espn.com/nba/player/_/id/2999549/denzel-valentine
4278049,Daniel Gafford,351,1930681.0,https://www.espn.com/nba/player/_/id/4278049/daniel-gafford
4066731,Jalen McDaniels,352,1930681.0,https://www.espn.com/nba/player/_/id/4066731/jalen-mcdaniels
4396971,Naz Reid,353,1930681.0,https://www.espn.com/nba/player/_/id/4396971/naz-reid
4278541,Jaylen Nowell,354,1930681.0,https://www.espn.com/nba/player/_/id/4278541/jaylen-nowell
3907823,Terance Mann,355,1930681.0,https://www.espn.com/nba/player/_/id/3907823/terance-mann
3912848,Dean Wade,356,1930681.0,https://www.espn.com/nba/player/_/id/3912848/dean-wade
4066317,Lindy Waters III,357,1927896.0,https://www.espn.com/nba/player/_/id/4066317/lindy-waters-iii
3914283,Chimezie Metu,358,1910680.0,https://www.espn.com/nba/player/_/id/3914283/chimezie-metu
3059262,Davon Reed,359,1902133.0,https://www.espn.com/nba/player/_/id/3059262/davon-reed
4277964,Xavier Tillman,360,1901625.0,https://www.espn.com/nba/player/_/id/4277964/xavier-tillman
4066651,Killian Tillie,361,1901625.0,https://www.espn.com/nba/player/_/id/4066651/killian-tillie
4683027,Theo Maledon,362,1900000.0,https://www.espn.com/nba/player/_/id/4683027/theo-maledon
3136779,Keita Bates-Diop,363,1878720.0,https://www.espn.com/nba/player/_/id/3136779/keita-bates-diop
3150844,Moritz Wagner,364,1878720.0,https://www.espn.com/nba/player/_/id/3150844/moritz-wagner
3102533,Thanasis Antetokounmpo,365,1878720.0,https://www.espn.com/nba/player/_/id/3102533/thanasis-antetokounmpo
4066264,Wenyen Gabriel,366,1878720.0,https://www.espn.com/nba/player/_/id/4066264/wenyen-gabriel
4423885,Didi Louzada,367,1876222.0,https://www.espn.com/nba/player/_/id/4423885/didi-louzada
4278031,Oshae Brissett,368,1846738.0,https://www.espn.com/nba/player/_/id/4278031/oshae-brissett
4065697,Dennis Smith Jr.,369,1836090.0,https://www.espn.com/nba/player/_/id/4065697/dennis-smith-jr.
3133602,Svi Mykhailiuk,370,1836090.0,https://www.espn.com/nba/player/_/id/3133602/svi-mykhailiuk
4017839,Juancho Hernangomez,371,1836090.0,https://www.espn.com/nba/player/_/id/4017839/juancho-hernangomez
2581184,Anthony Gill,372,1836090.0,https://www.espn.com/nba/player/_/id/2581184/anthony-gill
3986,Taj Gibson,373,1836090.0,https://www.espn.com/nba/player/_/id/3986/taj-gibson
4401416,Juan Toscano-Anderson,374,1836090.0,https://www.espn.com/nba/player/_/id/4401416/juan-toscano-anderson
4395702,Isaiah Joe,375,1836090.0,https://www.espn.com/nba/player/_/id/4395702/isaiah-joe
3138156,Justin Jackson,376,1836090.0,https://www.espn.com/nba/player/_/id/3138156/justin-jackson
2489716,Matthew Dellavedova,377,1836090.0,https://www.espn.com/nba/player/_/id/2489716/matthew-dellavedova
3914285,Drew Eubanks,378,1836090.0,https://www.espn.com/nba/player/_/id/3914285/drew-eubanks
2991047,Ryan Arcidiacono,379,1836090.0,https://www.espn.com/nba/player/_/id/2991047/ryan-arcidiacono
4065663,Josh Okogie,380,1836090.0,https://www.espn.com/nba/player/_/id/4065663/josh-okogie
2982334,T.J. Warren,381,1836090.0,https://www.espn.com/nba/player/_/id/2982334/t.j.-warren
2595209,Damion Lee,382,1836090.0,https://www.espn.com/nba/player/_/id/2595209/damion-lee
6427,Bismack Biyombo,383,1836090.0,https://www.espn.com/nba/player/_/id/6427/bismack-biyombo
4067325,Nathan Knight,384,1836090.0,https://www.espn.com/nba/player/_/id/4067325/nathan-knight
3908336,Matt Ryan,385,1836090.0,https://www.espn.com/nba/player/_/id/3908336/matt-ryan
2994526,Bryn Forbes,386,1836090.0,https://www.espn.com/nba/player/_/id/2994526/bryn-forbes
6617,Austin Rivers,387,1836090.0,https://www.espn.com/nba/player/_/id/6617/austin-rivers
4032,Wesley Matthews,388,1836090.0,https://www.espn.com/nba/player/_/id/4032/wesley-matthews
2184,Udonis Haslem,389,1836090.0,https://www.espn.com/nba/player/_/id/2184/udonis-haslem
4278508,Troy Brown Jr.,390,1836090.0,https://www.espn.com/nba/player/_/id/4278508/troy-brown-jr.
3032979,Dennis Schroder,391,1836090.0,https://www.espn.com/nba/player/_/id/3032979/dennis-schroder
2579294,Frank Kaminsky,392,1836090.0,https://www.espn.com/nba/player/_/id/2579294/frank-kaminsky
2327577,JaMychal Green,393,1836090.0,https://www.espn.com/nba/player/_/id/2327577/jamychal-green
2386,Andre Iguodala,394,1836090.0,https://www.espn.com/nba/player/_/id/2386/andre-iguodala
2488826,Rodney McGruder,395,1836090.0,https://www.espn.com/nba/player/_/id/2488826/rodney-mcgruder
3934723,Thomas Bryant,396,1836090.0,https://www.espn.com/nba/player/_/id/3934723/thomas-bryant
3442,DeAndre Jordan,397,1836090.0,https://www.espn.com/nba/player/_/id/3442/deandre-jordan
3138154,Theo Pinson,398,1836090.0,https://www.espn.com/nba/player/_/id/3138154/theo-pinson
2968334,Facundo Campazzo,399,1836090.0,https://www.espn.com/nba/player/_/id/2968334/facundo-campazzo
6461,Markieff Morris,400,1836090.0,https://www.espn.com/nba/player/_/id/6461/markieff-morris
2968361,Raul Neto,401,1836090.0,https://www.espn.com/nba/player/_/id/2968361/raul-neto
3447,Robin Lopez,402,1836090.0,https://www.espn.com/nba/player/_/id/3447/robin-lopez
3078284,Noah Vonleh,403,1836090.0,https://www.espn.com/nba/player/_/id/3078284/noah-vonleh
3989,Blake Griffin,404,1836090.0,https://www.espn.com/nba/player/_/id/3989/blake-griffin
3922230,Aaron Holiday,405,1836090.0,https://www.espn.com/nba/player/_/id/3922230/aaron-holiday
3074797,Wes Iwundu,406,1824003.0,https://www.espn.com/nba/player/_/id/3074797/wes-iwundu
3907821,Dwayne Bacon,407,1824003.0,https://www.espn.com/nba/player/_/id/3907821/dwayne-bacon
4065778,Max Strus,408,1815677.0,https://www.espn.com/nba/player/_/id/4065778/max-strus
3137259,Gabe Vincent,409,1815677.0,https://www.espn.com/nba/player/_/id/3137259/gabe-vincent
2596112,Javonte Green,410,1815677.0,https://www.espn.com/nba/player/_/id/2596112/javonte-green
3934721,Juwan Morgan,411,1815518.0,https://www.espn.com/nba/player/_/id/3934721/juwan-morgan
4277813,Herbert Jones,412,1785000.0,https://www.espn.com/nba/player/_/id/4277813/herbert-jones
4278076,Nick Richards,413,1782621.0,https://www.espn.com/nba/player/_/id/4278076/nick-richards
4431669,Vernon Carey Jr.,414,1782621.0,https://www.espn.com/nba/player/_/id/4431669/vernon-carey-jr.
4395626,Tre Jones,415,1782621.0,https://www.espn.com/nba/player/_/id/4395626/tre-jones
4278521,KZ Okpala,416,1782621.0,https://www.espn.com/nba/player/_/id/4278521/kz-okpala
4278562,Paul Reed,417,1782621.0,https://www.espn.com/nba/player/_/id/4278562/paul-reed
2991018,Yogi Ferrell,418,1782621.0,https://www.espn.com/nba/player/_/id/2991018/yogi-ferrell
4431828,Kenyon Martin Jr.,419,1782621.0,https://www.espn.com/nba/player/_/id/4431828/kenyon-martin-jr.
4401415,Alen Smailagic,420,1782621.0,https://www.espn.com/nba/player/_/id/4401415/alen-smailagic
4066405,Lamar Stevens,421,1782621.0,https://www.espn.com/nba/player/_/id/4066405/lamar-stevens
4278594,Naji Marshall,422,1782621.0,https://www.espn.com/nba/player/_/id/4278594/naji-marshall
4066851,Miye Oni,423,1782621.0,https://www.espn.com/nba/player/_/id/4066851/miye-oni
3133838,Yuta Watanabe,424,1762796.0,https://www.espn.com/nba/player/_/id/3133838/yuta-watanabe
3912334,Khyri Thomas,425,1762796.0,https://www.espn.com/nba/player/_/id/3912334/khyri-thomas
4278124,Saben Lee,426,1752638.0,https://www.espn.com/nba/player/_/id/4278124/saben-lee
3906977,Devin Cannady,427,1752638.0,https://www.espn.com/nba/player/_/id/3906977/devin-cannady
4231914,Luca Vildoza,428,1752638.0,https://www.espn.com/nba/player/_/id/4231914/luca-vildoza
3908819,Rayjon Tucker,429,1752638.0,https://www.espn.com/nba/player/_/id/3908819/rayjon-tucker
4291678,Haywood Highsmith,430,1752638.0,https://www.espn.com/nba/player/_/id/4291678/haywood-highsmith
3074213,Omer Yurtseven,431,1752638.0,https://www.espn.com/nba/player/_/id/3074213/omer-yurtseven
4066467,Malik Fitts,432,1752638.0,https://www.espn.com/nba/player/_/id/4066467/malik-fitts
3058030,Paul Watson,433,1701593.0,https://www.espn.com/nba/player/_/id/3058030/paul-watson
4066508,Charlie Brown Jr.,434,1701593.0,https://www.espn.com/nba/player/_/id/4066508/charlie-brown-jr.
3133596,Kelan Martin,435,1701593.0,https://www.espn.com/nba/player/_/id/3133596/kelan-martin
4065660,Mfiondu Kabengele,436,1701593.0,https://www.espn.com/nba/player/_/id/4065660/mfiondu-kabengele
2991184,Sam Dekker,437,1669178.0,https://www.espn.com/nba/player/_/id/2991184/sam-dekker
3912292,Jarrell Brantley,438,1669178.0,https://www.espn.com/nba/player/_/id/3912292/jarrell-brantley
6460,E'Twaun Moore,439,1669178.0,https://www.espn.com/nba/player/_/id/6460/e'twaun-moore
2488958,Solomon Hill,440,1669178.0,https://www.espn.com/nba/player/_/id/2488958/solomon-hill
2426,Trevor Ariza,441,1669178.0,https://www.espn.com/nba/player/_/id/2426/trevor-ariza
3056602,Semi Ojeleye,442,1669178.0,https://www.espn.com/nba/player/_/id/3056602/semi-ojeleye
2583962,Kevin Pangos,443,1669178.0,https://www.espn.com/nba/player/_/id/2583962/kevin-pangos
3056600,Jabari Parker,444,1669178.0,https://www.espn.com/nba/player/_/id/3056600/jabari-parker
6447,Enes Freedom,445,1669178.0,https://www.espn.com/nba/player/_/id/6447/enes-freedom
4277922,Jericho Sims,446,1639842.0,https://www.espn.com/nba/player/_/id/4277922/jericho-sims
4397693,Kessler Edwards,447,1637966.0,https://www.espn.com/nba/player/_/id/4397693/kessler-edwards
4409222,Trevelin Queen,448,1637966.0,https://www.espn.com/nba/player/_/id/4409222/trevelin-queen
4715198,Isaiah Todd,449,1575000.0,https://www.espn.com/nba/player/_/id/4715198/isaiah-todd
4702233,JT Thor,450,1563518.0,https://www.espn.com/nba/player/_/id/4702233/jt-thor
4397183,Aaron Wiggins,451,1563518.0,https://www.espn.com/nba/player/_/id/4397183/aaron-wiggins
4395695,Jared Butler,452,1563518.0,https://www.espn.com/nba/player/_/id/4395695/jared-butler
4432161,Greg Brown III,453,1563518.0,https://www.espn.com/nba/player/_/id/4432161/greg-brown-iii
4431675,Trendon Watford,454,1563518.0,https://www.espn.com/nba/player/_/id/4431675/trendon-watford
3146557,Jock Landale,455,1563518.0,https://www.espn.com/nba/player/_/id/3146557/jock-landale
4431823,Miles McBride,456,1563518.0,https://www.espn.com/nba/player/_/id/4431823/miles-mcbride
4397235,Duane Washington Jr.,457,1563518.0,https://www.espn.com/nba/player/_/id/4397235/duane-washington-jr.
4066457,Austin Reaves,458,1563518.0,https://www.espn.com/nba/player/_/id/4066457/austin-reaves
4432162,Brandon Boston Jr.,459,1563518.0,https://www.espn.com/nba/player/_/id/4432162/brandon-boston-jr.
4397916,Jason Preston,460,1563518.0,https://www.espn.com/nba/player/_/id/4397916/jason-preston
4432176,Daishen Nix,461,1563518.0,https://www.espn.com/nba/player/_/id/4432176/daishen-nix
4277957,Isaiah Livers,462,1563518.0,https://www.espn.com/nba/player/_/id/4277957/isaiah-livers
4683622,Marko Simonovic,463,1563518.0,https://www.espn.com/nba/player/_/id/4683622/marko-simonovic
4397002,Ayo Dosunmu,464,1563518.0,https://www.espn.com/nba/player/_/id/4397002/ayo-dosunmu
4279815,Terry Taylor,465,1563518.0,https://www.espn.com/nba/player/_/id/4279815/terry-taylor
4277869,Jose Alvarado,466,1563518.0,https://www.espn.com/nba/player/_/id/4277869/jose-alvarado
4065804,Sam Hauser,467,1563518.0,https://www.espn.com/nba/player/_/id/4065804/sam-hauser
4578893,Vit Krejci,468,1563518.0,https://www.espn.com/nba/player/_/id/4578893/vit-krejci
4397885,Dalano Banton,469,1563318.0,https://www.espn.com/nba/player/_/id/4397885/dalano-banton
4397215,Daniel Oturu,470,1517981.0,https://www.espn.com/nba/player/_/id/4397215/daniel-oturu
3947736,Caleb Homesley,471,1517981.0,https://www.espn.com/nba/player/_/id/3947736/caleb-homesley
4431688,Jahmi'us Ramsey,472,1517981.0,https://www.espn.com/nba/player/_/id/4431688/jahmi'us-ramsey
3129951,Elijah Bryant,473,1517981.0,https://www.espn.com/nba/player/_/id/3129951/elijah-bryant
4423883,Deividas Sirvydis,474,1517981.0,https://www.espn.com/nba/player/_/id/4423883/deividas-sirvydis
3947156,Mamadi Diakite,475,1517981.0,https://www.espn.com/nba/player/_/id/3947156/mamadi-diakite
4431778,Christian Koloko,476,1500000.0,https://www.espn.com/nba/player/_/id/4431778/christian-koloko
3135046,Tyus Jones,477,1500000.0,https://www.espn.com/nba/player/_/id/3135046/tyus-jones
4067045,Alize Johnson,478,1392896.0,https://www.espn.com/nba/player/_/id/4067045/alize-johnson
6479,Kemba Walker,479,1392896.0,https://www.espn.com/nba/player/_/id/6479/kemba-walker
3134881,Stanley Johnson,480,1245164.0,https://www.espn.com/nba/player/_/id/3134881/stanley-johnson
